{
    "website": "http://cnmat.berkeley.edu", 
    "versions": null, 
    "displayname": "", 
    "description": "A collection of Max tools created by researchers at CNMAT in Berkeley, CA.", 
    "author": "CNMAT", 
    "max_version_max": "none", 
    "filelist": {
        "help": [
            "loudness~.maxhelp", 
            "firbank~.maxhelp", 
            "brightness~.maxhelp", 
            "OSC-timetag.maxhelp", 
            "vsnapshot~.maxhelp", 
            "deinterleave.maxhelp", 
            "printit.maxhelp", 
            "xydisplay.maxhelp", 
            "SDIF-buffer.maxhelp", 
            "bench~.maxhelp", 
            "SDIF-ranges.maxhelp", 
            "SDIF-info.maxhelp", 
            "resdisplay.maxhelp", 
            "bpf.maxhelp", 
            "cambio~.maxhelp", 
            "list-interpolate.maxhelp", 
            "accumulate~.maxhelp", 
            "res-transform.maxhelp", 
            "analyzer~.maxhelp", 
            "bdist.maxhelp", 
            "OSC-schedule.maxhelp", 
            "decaying-sinusoids~.maxhelp", 
            "SDIF-fileinfo.maxhelp", 
            "bench.maxhelp", 
            "rbfi.maxhelp", 
            "harmonics~.maxhelp", 
            "waveguide~.maxhelp", 
            "thread.join.maxhelp", 
            "slipOSC.maxhelp", 
            "thread.which.maxhelp", 
            "threefates.maxhelp", 
            "randdist.maxhelp", 
            "sphY.maxhelp", 
            "oscillators~.maxhelp", 
            "poly.bus~.maxhelp", 
            "cnmatrix~.maxhelp", 
            "poly.send~.maxhelp", 
            "resonators~.maxhelp", 
            "gridpanel.maxhelp", 
            "sinusoids~.maxhelp", 
            "sin-transform.maxhelp", 
            "midifile.maxhelp", 
            "OpenSoundControl.maxhelp", 
            "bessel.maxhelp", 
            "migrator.maxhelp", 
            "thread.fork.maxhelp", 
            "roughness.maxhelp", 
            "lcm.maxhelp", 
            "trend-report.maxhelp", 
            "peqbank~.maxhelp", 
            "SDIF-listpoke.maxhelp", 
            "pitch~.maxhelp", 
            "interleave.maxhelp", 
            "OSC-route.maxhelp", 
            "SDIF-tuples.maxhelp", 
            "2threshattack~.maxhelp", 
            "trampoline.maxhelp"
        ], 
        "media": [
            "lick5.sdif", 
            "Cbass.res.sdif", 
            "bass.sdif", 
            "ivory.speedy.loud.sdif", 
            "moanin.add.sdif"
        ], 
        "misc": [
            "poly.send-ex~.maxpat", 
            "rbfihelp.json", 
            "firbank~.16band-512pt.wav"
        ], 
        "externals": [
            "OpenSoundControl.mxo", 
            "bdist.mxo", 
            "sinusoids~.mxo", 
            "interleave.mxo", 
            "thread.join.mxo", 
            "gridpanel.mxo", 
            "trend-report.mxo", 
            "bench~.mxo", 
            "sphY.mxo", 
            "poly.send~.mxo", 
            "slipOSC.mxo", 
            "waveguide~.mxo", 
            "SDIF-info.mxo", 
            "bessel.mxo", 
            "vsnapshot~.mxo", 
            "SDIF-ranges.mxo", 
            "trampoline.mxo", 
            "SDIF-listpoke.mxo", 
            "cnmatrix~.mxo", 
            "OSC-timetag.mxo", 
            "roughness.mxo", 
            "randdist.mxo", 
            "peqbank~.mxo", 
            "threefates.mxo", 
            "printit.mxo", 
            "cambio~.mxo", 
            "deinterleave.mxo", 
            "resonators~.mxo", 
            "list-interpolate.mxo", 
            "migrator.mxo", 
            "accumulate~.mxo", 
            "OSC-schedule.mxo", 
            "bench.mxo", 
            "thread.which.mxo", 
            "res-transform.mxo", 
            "firbank~.mxo", 
            "oscillators~.mxo", 
            "resdisplay.mxo", 
            "lcm.mxo", 
            "SDIF-buffer.mxo", 
            "xydisplay.mxo", 
            "analyzer~.mxo", 
            "SDIF-tuples.mxo", 
            "decaying-sinusoids~.mxo", 
            "bpf.mxo", 
            "OSC-route.mxo", 
            "rbfi.mxo", 
            "poly.bus~.mxo", 
            "harmonics~.mxo", 
            "thread.fork.mxo", 
            "2threshattack~.mxo", 
            "SDIF-fileinfo.mxo"
        ], 
        "extras": [
            "CNMAT_Externals_Overview.maxpat"
        ], 
        "docs": [
            "slipOSC.maxref.xml", 
            "osc-schedule.maxref.xml", 
            "harmonics~.maxref.xml", 
            "sdif-ranges.maxref.xml", 
            "opensoundcontrol.maxref.xml", 
            "resdisplay.maxref.xml", 
            "rbfi.maxref.xml", 
            "deinterleave.maxref.xml", 
            "cambio~.maxref.xml", 
            "sdif-buffer.maxref.xml", 
            "sdif-fileinfo.maxref.xml", 
            "res-transform.maxref.xml", 
            "bench.maxref.xml", 
            "waveguide~.maxref.xml", 
            "sdif-info.maxref.xml", 
            "decaying-sinusoids~.maxref.xml", 
            "analyzer~.maxref.xml", 
            "cnmatrix~.maxref.xml", 
            "template", 
            "poly.bus~.maxref.xml", 
            "sdif-tuples.maxref.xml", 
            "osc-route.maxref.xml", 
            "randdist.maxref.xml", 
            "interleave.maxref.xml", 
            "bessel.maxref.xml", 
            "sphY.maxref.xml", 
            "poly.send~.maxref.xml", 
            "list-interpolate.maxref.xml", 
            "roughness.maxref.xml", 
            "trend-report.maxref.xml", 
            "bench~.maxref.xml", 
            "gridpanel.maxref.xml", 
            "trampoline.maxref.xml", 
            "accumulate~.maxref.xml", 
            "lcm.maxref.xml", 
            "printit.maxref.xml", 
            "sdif-listpoke.maxref.xml", 
            "peqbank~.maxref.xml", 
            "2threshattack~.maxref.xml", 
            "sinusoids~.maxref.xml", 
            "bdist.maxref.xml", 
            "thread.which.maxref.xml", 
            "thread.join.maxref.xml", 
            "_c74_ref.xsl", 
            "oscillators~.maxref.xml", 
            "osc-timetag.maxref.xml", 
            "thread.fork.maxref.xml", 
            "threefates.maxref.xml", 
            "resonators~.maxref.xml", 
            "migrator.maxref.xml", 
            "xydisplay.maxref.xml", 
            "vsnapshot~.maxref.xml", 
            "bpf.maxref.xml", 
            "_c74_contents.xml"
        ], 
        "java-classes": [
            "midifile.class"
        ]
    }, 
    "homepatcher": "CNMAT_Externals_Overview.maxpat", 
    "extends": "", 
    "extensible": 0, 
    "version": "v1.0.4-3-g6f0208d-master", 
    "authors": [], 
    "readme": "", 
    "max_version_min": "none", 
    "tags": [], 
    "os": {
        "windows": {
            "platform": [
                "ia32", 
                "x64"
            ], 
            "min_version": "7"
        }, 
        "macintosh": {
            "platform": [
                "ia32", 
                "x64"
            ], 
            "min_version": "10.7.x"
        }
    }, 
    "categories": [
        "Utilities", 
        "Audio and Music", 
        "Educational"
    ], 
    "name": "CNMAT Externals"
}