<?xml version="1.0" encoding="utf-8" standalone="yes"?>
<?xml-stylesheet href="./_c74_ref.xsl" type="text/xsl"?>

<c74object name="cnmatrix~" module="CNMAT-Externals">

    <digest>
      Signal routing with Jitter matrices as input
    </digest>

    <description>
	<o>cnmatrix~</o> takes lists (like <o>matrix~</o>) or jitter matrices as input to set the gains.  The rows of the matrix represent the outputs, and the columns are the inputs (same as <o>matrixctl</o>).
    </description>

    <!--METADATA-->
    <metadatalist>
	<metadata name="author">CNMAT</metadata>
	<metadata name="tag">CNMAT-Externals</metadata>
	<metadata name="tag">CNMAT</metadata>
    </metadatalist>

    <!--INLETS-->
    <inletlist>
    </inletlist>

    <!--OUTLETS-->
    <outletlist>
    </outletlist>

    <!--ARGUMENTS-->
    <objarglist>
	<objarg name="number of inputs" optional="0" type="int">
	    <description>
		The first argument sets the number of inlets to create.
	    </description>
	</objarg>
	<objarg name="number of outputs" optional="0" type="int">
	    <description>
		The second argument sets the number of outlets to create.
	    </description>
	</objarg>
	<objarg name="interpolation mode" optional="1" type="symbol">
	    <description>
		An optional third argument sets the interpoation mode.
		Options are: <br/>
		<m>smooth</m> : (default) uses the same formula as slide~. Use this option for an audio mixer.<br/>
		<m>frame</m> : linear interpolation over one signal vector. Use for equal power panning.<br/>
		<m>fast</m> : no interpolation at all. Audible clicks may result. Use for static routing only.<br/>
	    </description>
	</objarg>
    </objarglist>

    <!--MESSAGES-->
    <methodlist>
	<method name="signal">
	    <description>
		Signal to route.  Any inlets will accept signals, and are numbered from 0 upwards.
	    </description>
  	</method>
	<method name="jit_matrix">
	    <description>
		Jitter matrix to set the gains. The rows of the matrix represent the outputs, and the columns are the inputs.
	    </description>
	</method>
	<method name="list">
	    <description>
	      Like <o>matrix~</o>, <o>cnmatrix~</o> allows you to set connections between inlets and outlets using a list of three values: [inlet_number, outlet_number, multiplier]<br/><br/>
	      For example the list: [0 1 0.5] would make a connection between the first inlet and the second outlet, with a multiplier of 0.5.
	    </description>
	</method>
	<method name="slide">
	    <arglist>
		<arg name="time in milliseconds" type="int" optional="0" id="0"/>
	    </arglist>
	    <description>
		The slide message, followed by a [float] value, sets the time in milliseconds it takes to interpolate between matrix connections in smooth mode.
	    </description>
	</method>
	<method name="smooth">
	    <description>
		Enables smooth mode.  This is the default, and uses the same formula as slide~.  Use this for an audio mixer.
	    </description>
	</method>
	<method name="frame">
	    <description>
		Enables frame mode, which does linear interpolation over one signal vector.  Use for equal power panning.
	    </description>
	</method>
	<method name="fast">
	    <description>
		Enables fast mode, which uses no interpolation at all, and audible clicks may result.  Use for static routing only.
	    </description>
	</method>
    </methodlist>

    <!--ATTRIBUTES-->
    <attributelist>
    </attributelist>

    <!--DISCUSSION-->
    <discussion>
    </discussion>

    <!--SEEALSO-->
    <seealsolist>
	<seealso name="matrix~" />
	<seealso name="jit.matrix" />
    </seealsolist>

    <misc name = "Input">
	<entry name ="Inlets [anything]">
	    <description>
		Send a message, matrix, or signal to the cnmatrix~ object.
	    </description>
	</entry>
    </misc>

    <misc name = "Output">
	<entry name ="Outlets">
	    <description>
		Routed signals.
	    </description>
	</entry>
    </misc>

    <misc name = "Discussion">
	<entry name ="Keywords">
	    <description>
		audio routing, jitter matrix, smoothing
	    </description>
	</entry>
    </misc>

</c74object>
